round,val_accuracy,global_test_accuracy,weighted_precision,weighted_recall,weighted_f1,top3_accuracy
1,0.6502,0.655,0.7308,0.655,0.608,0.8886
2,0.8848,0.8801,0.8941,0.8801,0.8644,0.9753
3,0.9415,0.9425,0.9537,0.9425,0.9358,0.9907
4,0.9613,0.9616,0.9671,0.9616,0.9589,0.9959
5,0.9665,0.9661,0.9707,0.9661,0.9637,0.9977
6,0.9722,0.9725,0.9755,0.9725,0.9715,0.9996
7,0.9782,0.9785,0.9802,0.9785,0.9781,1.0
8,0.979,0.9787,0.9806,0.9787,0.9781,1.0
9,0.9819,0.9826,0.9839,0.9826,0.9824,1.0
10,0.9826,0.9824,0.9837,0.9824,0.982,0.9999
11,0.9838,0.9846,0.9855,0.9846,0.9844,1.0
12,0.9847,0.9852,0.9862,0.9852,0.9849,1.0
13,0.9853,0.9872,0.988,0.9872,0.987,1.0
14,0.9863,0.9874,0.988,0.9874,0.9873,1.0
15,0.9876,0.9886,0.9892,0.9886,0.9885,1.0
16,0.9859,0.987,0.9878,0.987,0.9869,1.0
17,0.986,0.9874,0.9882,0.9874,0.9873,1.0
18,0.9877,0.9889,0.9894,0.9889,0.9889,1.0
19,0.9859,0.9876,0.9885,0.9876,0.9875,1.0
20,0.9868,0.9887,0.9893,0.9887,0.9886,1.0
21,0.9889,0.9894,0.9899,0.9894,0.9893,1.0
22,0.9878,0.9889,0.9895,0.9889,0.9889,1.0
23,0.9888,0.9902,0.9906,0.9902,0.9901,1.0
24,0.989,0.9889,0.9894,0.9889,0.9888,1.0
25,0.9893,0.9896,0.9902,0.9896,0.9896,1.0
