crop,actual_count,predicted_count,actual_percentage,predicted_percentage
Cabbage,200,422,1.7543859649122806,3.7017543859649122
Pearl millet,200,0,1.7543859649122806,0.0
annual moringa,200,290,1.7543859649122806,2.543859649122807
ash gourd,200,210,1.7543859649122806,1.8421052631578945
beetroot,200,0,1.7543859649122806,0.0
bengalgram,200,0,1.7543859649122806,0.0
bhendi,200,178,1.7543859649122806,1.5614035087719298
bitter gourd,200,0,1.7543859649122806,0.0
blackgram,200,0,1.7543859649122806,0.0
bottle gourd,200,366,1.7543859649122806,3.2105263157894735
brinjal,200,122,1.7543859649122806,1.0701754385964912
capsicum,200,206,1.7543859649122806,1.807017543859649
carrot,200,261,1.7543859649122806,2.289473684210526
castor,200,35,1.7543859649122806,0.30701754385964913
cauliflower,200,883,1.7543859649122806,7.745614035087719
chillies,200,50,1.7543859649122806,0.43859649122807015
chowchow,200,200,1.7543859649122806,1.7543859649122806
cluster bean,200,204,1.7543859649122806,1.789473684210526
cotton,200,0,1.7543859649122806,0.0
cowpea,200,481,1.7543859649122806,4.219298245614035
cucumber,200,195,1.7543859649122806,1.710526315789474
elephant foot yam,200,0,1.7543859649122806,0.0
french bean,200,0,1.7543859649122806,0.0
gingely,200,116,1.7543859649122806,1.0175438596491229
greengram,200,1073,1.7543859649122806,9.412280701754385
groundnut,200,220,1.7543859649122806,1.9298245614035088
horsegram,200,0,1.7543859649122806,0.0
jute,200,0,1.7543859649122806,0.0
kudiraivali,200,186,1.7543859649122806,1.631578947368421
maize,200,0,1.7543859649122806,0.0
muskmelon,200,523,1.7543859649122806,4.587719298245614
onion,200,114,1.7543859649122806,1.0
panivaragu,200,882,1.7543859649122806,7.7368421052631575
peas,200,684,1.7543859649122806,6.0
pumpkin,200,138,1.7543859649122806,1.2105263157894737
radish,200,0,1.7543859649122806,0.0
ragi,200,16,1.7543859649122806,0.14035087719298245
redgram,200,0,1.7543859649122806,0.0
ribbed gourd,200,193,1.7543859649122806,1.692982456140351
rice,200,172,1.7543859649122806,1.5087719298245614
samai,200,0,1.7543859649122806,0.0
small onion,200,283,1.7543859649122806,2.482456140350877
snake gourd,200,223,1.7543859649122806,1.9561403508771928
sorghum,200,104,1.7543859649122806,0.9122807017543859
soyabean,200,0,1.7543859649122806,0.0
sugarbeet,200,1225,1.7543859649122806,10.74561403508772
sugarcane,200,0,1.7543859649122806,0.0
sunflower,200,7,1.7543859649122806,0.06140350877192983
sweet potato,200,0,1.7543859649122806,0.0
tapoica,200,0,1.7543859649122806,0.0
thinai,200,17,1.7543859649122806,0.14912280701754385
tinda,200,305,1.7543859649122806,2.675438596491228
tomato,200,309,1.7543859649122806,2.7105263157894735
varagu,200,0,1.7543859649122806,0.0
vegetable cowpea,200,507,1.7543859649122806,4.447368421052632
watermelon,200,0,1.7543859649122806,0.0
wheat,200,0,1.7543859649122806,0.0
