partition,client_count,client_id,sample_count,soil_distribution,crop_class_count,path
iid,5,client_01,9120,"{""Alluvial soil"": 262, ""Black Soil"": 85, ""Clay soil"": 263, ""Laterite soil"": 538, ""Loamy soil"": 1658, ""Red soil"": 244, ""Sandy soil"": 334, ""Sandy soil\u00a0"": 55, ""Sandy\u00a0soil"": 81, ""black cotton soil"": 123, ""brown Loamy soil"": 34, ""clay Loamy soil"": 307, ""clay Loamy soil "": 51, ""deep soil"": 78, ""friable soil"": 160, ""heavy Black Soil"": 80, ""heavy soil\u00a0"": 84, ""light Loamy soil"": 76, ""loamy\u00a0soil"": 173, ""medium Black Soil"": 80, ""red Loamy soil"": 43, ""red lateritic Loamy soil"": 160, ""rich red Loamy soil"": 160, ""salty clay Loamy soil"": 125, ""sandy Loamy soil"": 2441, ""sandy clay Loamy soil\u00a0"": 50, ""sandy loamy\u00a0soil"": 53, ""shallow Black Soil"": 29, ""silty Loamy soil"": 118, ""well-drained loamy\u00a0soil"": 320, ""well-drained soil"": 619, ""well-grained deep loamy moist soil"": 81, ""\u00a0cotton\u00a0soil"": 79, ""\u00a0light soi"": 76}",57,data\processed\client_shards\iid\5_clients\client_01.csv
iid,5,client_02,9120,"{""Alluvial soil"": 259, ""Black Soil"": 84, ""Clay soil"": 271, ""Laterite soil"": 565, ""Loamy soil"": 1628, ""Red soil"": 250, ""Sandy soil"": 331, ""Sandy soil\u00a0"": 56, ""Sandy\u00a0soil"": 81, ""black cotton soil"": 122, ""brown Loamy soil"": 40, ""clay Loamy soil"": 293, ""clay Loamy soil "": 53, ""deep soil"": 74, ""friable soil"": 160, ""heavy Black Soil"": 80, ""heavy soil\u00a0"": 78, ""light Loamy soil"": 87, ""loamy\u00a0soil"": 168, ""medium Black Soil"": 80, ""red Loamy soil"": 35, ""red lateritic Loamy soil"": 160, ""rich red Loamy soil"": 160, ""salty clay Loamy soil"": 129, ""sandy Loamy soil"": 2468, ""sandy clay Loamy soil\u00a0"": 53, ""sandy loamy\u00a0soil"": 45, ""shallow Black Soil"": 31, ""silty Loamy soil"": 120, ""well-drained loamy\u00a0soil"": 320, ""well-drained soil"": 591, ""well-grained deep loamy moist soil"": 87, ""\u00a0cotton\u00a0soil"": 79, ""\u00a0light soi"": 82}",57,data\processed\client_shards\iid\5_clients\client_02.csv
iid,5,client_03,9120,"{""Alluvial soil"": 265, ""Black Soil"": 86, ""Clay soil"": 271, ""Laterite soil"": 557, ""Loamy soil"": 1676, ""Red soil"": 248, ""Sandy soil"": 303, ""Sandy soil\u00a0"": 59, ""Sandy\u00a0soil"": 76, ""black cotton soil"": 130, ""brown Loamy soil"": 33, ""clay Loamy soil"": 286, ""clay Loamy soil "": 47, ""deep soil"": 75, ""friable soil"": 160, ""heavy Black Soil"": 74, ""heavy soil\u00a0"": 77, ""light Loamy soil"": 77, ""loamy\u00a0soil"": 155, ""medium Black Soil"": 86, ""red Loamy soil"": 38, ""red lateritic Loamy soil"": 160, ""rich red Loamy soil"": 160, ""salty clay Loamy soil"": 123, ""sandy Loamy soil"": 2439, ""sandy clay Loamy soil\u00a0"": 54, ""sandy loamy\u00a0soil"": 56, ""shallow Black Soil"": 33, ""silty Loamy soil"": 111, ""well-drained loamy\u00a0soil"": 320, ""well-drained soil"": 640, ""well-grained deep loamy moist soil"": 78, ""\u00a0cotton\u00a0soil"": 84, ""\u00a0light soi"": 83}",57,data\processed\client_shards\iid\5_clients\client_03.csv
iid,5,client_04,9120,"{""Alluvial soil"": 277, ""Black Soil"": 83, ""Clay soil"": 269, ""Laterite soil"": 565, ""Loamy soil"": 1637, ""Red soil"": 243, ""Sandy soil"": 343, ""Sandy soil\u00a0"": 50, ""Sandy\u00a0soil"": 80, ""black cotton soil"": 120, ""brown Loamy soil"": 45, ""clay Loamy soil"": 297, ""clay Loamy soil "": 57, ""deep soil"": 82, ""friable soil"": 160, ""heavy Black Soil"": 82, ""heavy soil\u00a0"": 79, ""light Loamy soil"": 83, ""loamy\u00a0soil"": 152, ""medium Black Soil"": 78, ""red Loamy soil"": 40, ""red lateritic Loamy soil"": 160, ""rich red Loamy soil"": 160, ""salty clay Loamy soil"": 110, ""sandy Loamy soil"": 2455, ""sandy clay Loamy soil\u00a0"": 52, ""sandy loamy\u00a0soil"": 55, ""shallow Black Soil"": 25, ""silty Loamy soil"": 114, ""well-drained loamy\u00a0soil"": 320, ""well-drained soil"": 605, ""well-grained deep loamy moist soil"": 81, ""\u00a0cotton\u00a0soil"": 80, ""\u00a0light soi"": 81}",57,data\processed\client_shards\iid\5_clients\client_04.csv
iid,5,client_05,9120,"{""Alluvial soil"": 263, ""Black Soil"": 87, ""Clay soil"": 266, ""Laterite soil"": 591, ""Loamy soil"": 1613, ""Red soil"": 249, ""Sandy soil"": 312, ""Sandy soil\u00a0"": 57, ""Sandy\u00a0soil"": 82, ""black cotton soil"": 114, ""brown Loamy soil"": 42, ""clay Loamy soil"": 299, ""clay Loamy soil "": 56, ""deep soil"": 91, ""friable soil"": 160, ""heavy Black Soil"": 72, ""heavy soil\u00a0"": 79, ""light Loamy soil"": 78, ""loamy\u00a0soil"": 147, ""medium Black Soil"": 88, ""red Loamy soil"": 38, ""red lateritic Loamy soil"": 160, ""rich red Loamy soil"": 160, ""salty clay Loamy soil"": 136, ""sandy Loamy soil"": 2462, ""sandy clay Loamy soil\u00a0"": 51, ""sandy loamy\u00a0soil"": 58, ""shallow Black Soil"": 38, ""silty Loamy soil"": 108, ""well-drained loamy\u00a0soil"": 320, ""well-drained soil"": 613, ""well-grained deep loamy moist soil"": 71, ""\u00a0cotton\u00a0soil"": 78, ""\u00a0light soi"": 81}",57,data\processed\client_shards\iid\5_clients\client_05.csv
non_iid,5,client_01,12265,"{""sandy Loamy soil"": 12265}",19,data\processed\client_shards\non_iid\5_clients\client_01.csv
non_iid,5,client_02,8368,"{""Loamy soil"": 8212, ""shallow Black Soil"": 156}",18,data\processed\client_shards\non_iid\5_clients\client_02.csv
non_iid,5,client_03,8278,"{""Clay soil"": 1340, ""black cotton soil"": 609, ""friable soil"": 800, ""heavy soil\u00a0"": 397, ""red Loamy soil"": 194, ""rich red Loamy soil"": 800, ""sandy loamy\u00a0soil"": 267, ""well-drained soil"": 3068, ""\u00a0cotton\u00a0soil"": 400, ""\u00a0light soi"": 403}",16,data\processed\client_shards\non_iid\5_clients\client_03.csv
non_iid,5,client_04,8327,"{""Black Soil"": 425, ""Laterite soil"": 2816, ""Red soil"": 1234, ""Sandy soil\u00a0"": 277, ""Sandy\u00a0soil"": 400, ""clay Loamy soil"": 1482, ""medium Black Soil"": 412, ""salty clay Loamy soil"": 623, ""sandy clay Loamy soil\u00a0"": 260, ""well-grained deep loamy moist soil"": 398}",21,data\processed\client_shards\non_iid\5_clients\client_04.csv
non_iid,5,client_05,8362,"{""Alluvial soil"": 1326, ""Sandy soil"": 1623, ""brown Loamy soil"": 194, ""clay Loamy soil "": 264, ""deep soil"": 400, ""heavy Black Soil"": 388, ""light Loamy soil"": 401, ""loamy\u00a0soil"": 795, ""red lateritic Loamy soil"": 800, ""silty Loamy soil"": 571, ""well-drained loamy\u00a0soil"": 1600}",20,data\processed\client_shards\non_iid\5_clients\client_05.csv
iid,10,client_01,4560,"{""Alluvial soil"": 137, ""Black Soil"": 46, ""Clay soil"": 135, ""Laterite soil"": 261, ""Loamy soil"": 833, ""Red soil"": 120, ""Sandy soil"": 159, ""Sandy soil\u00a0"": 28, ""Sandy\u00a0soil"": 37, ""black cotton soil"": 60, ""brown Loamy soil"": 19, ""clay Loamy soil"": 171, ""clay Loamy soil "": 25, ""deep soil"": 36, ""friable soil"": 80, ""heavy Black Soil"": 45, ""heavy soil\u00a0"": 42, ""light Loamy soil"": 33, ""loamy\u00a0soil"": 87, ""medium Black Soil"": 35, ""red Loamy soil"": 19, ""red lateritic Loamy soil"": 80, ""rich red Loamy soil"": 80, ""salty clay Loamy soil"": 56, ""sandy Loamy soil"": 1223, ""sandy clay Loamy soil\u00a0"": 27, ""sandy loamy\u00a0soil"": 21, ""shallow Black Soil"": 18, ""silty Loamy soil"": 54, ""well-drained loamy\u00a0soil"": 160, ""well-drained soil"": 310, ""well-grained deep loamy moist soil"": 42, ""\u00a0cotton\u00a0soil"": 43, ""\u00a0light soi"": 38}",57,data\processed\client_shards\iid\10_clients\client_01.csv
iid,10,client_02,4560,"{""Alluvial soil"": 125, ""Black Soil"": 39, ""Clay soil"": 128, ""Laterite soil"": 277, ""Loamy soil"": 825, ""Red soil"": 124, ""Sandy soil"": 175, ""Sandy soil\u00a0"": 27, ""Sandy\u00a0soil"": 44, ""black cotton soil"": 63, ""brown Loamy soil"": 15, ""clay Loamy soil"": 136, ""clay Loamy soil "": 26, ""deep soil"": 42, ""friable soil"": 80, ""heavy Black Soil"": 35, ""heavy soil\u00a0"": 42, ""light Loamy soil"": 43, ""loamy\u00a0soil"": 86, ""medium Black Soil"": 45, ""red Loamy soil"": 24, ""red lateritic Loamy soil"": 80, ""rich red Loamy soil"": 80, ""salty clay Loamy soil"": 69, ""sandy Loamy soil"": 1218, ""sandy clay Loamy soil\u00a0"": 23, ""sandy loamy\u00a0soil"": 32, ""shallow Black Soil"": 11, ""silty Loamy soil"": 64, ""well-drained loamy\u00a0soil"": 160, ""well-drained soil"": 309, ""well-grained deep loamy moist soil"": 39, ""\u00a0cotton\u00a0soil"": 36, ""\u00a0light soi"": 38}",57,data\processed\client_shards\iid\10_clients\client_02.csv
iid,10,client_03,4560,"{""Alluvial soil"": 133, ""Black Soil"": 40, ""Clay soil"": 141, ""Laterite soil"": 279, ""Loamy soil"": 815, ""Red soil"": 129, ""Sandy soil"": 160, ""Sandy soil\u00a0"": 26, ""Sandy\u00a0soil"": 43, ""black cotton soil"": 60, ""brown Loamy soil"": 19, ""clay Loamy soil"": 142, ""clay Loamy soil "": 27, ""deep soil"": 39, ""friable soil"": 80, ""heavy Black Soil"": 41, ""heavy soil\u00a0"": 44, ""light Loamy soil"": 43, ""loamy\u00a0soil"": 88, ""medium Black Soil"": 39, ""red Loamy soil"": 20, ""red lateritic Loamy soil"": 80, ""rich red Loamy soil"": 80, ""salty clay Loamy soil"": 68, ""sandy Loamy soil"": 1231, ""sandy clay Loamy soil\u00a0"": 27, ""sandy loamy\u00a0soil"": 18, ""shallow Black Soil"": 18, ""silty Loamy soil"": 62, ""well-drained loamy\u00a0soil"": 160, ""well-drained soil"": 293, ""well-grained deep loamy moist soil"": 42, ""\u00a0cotton\u00a0soil"": 37, ""\u00a0light soi"": 36}",57,data\processed\client_shards\iid\10_clients\client_03.csv
iid,10,client_04,4560,"{""Alluvial soil"": 126, ""Black Soil"": 44, ""Clay soil"": 130, ""Laterite soil"": 286, ""Loamy soil"": 813, ""Red soil"": 121, ""Sandy soil"": 171, ""Sandy soil\u00a0"": 30, ""Sandy\u00a0soil"": 38, ""black cotton soil"": 62, ""brown Loamy soil"": 21, ""clay Loamy soil"": 151, ""clay Loamy soil "": 26, ""deep soil"": 35, ""friable soil"": 80, ""heavy Black Soil"": 39, ""heavy soil\u00a0"": 34, ""light Loamy soil"": 44, ""loamy\u00a0soil"": 80, ""medium Black Soil"": 41, ""red Loamy soil"": 15, ""red lateritic Loamy soil"": 80, ""rich red Loamy soil"": 80, ""salty clay Loamy soil"": 61, ""sandy Loamy soil"": 1237, ""sandy clay Loamy soil\u00a0"": 26, ""sandy loamy\u00a0soil"": 27, ""shallow Black Soil"": 13, ""silty Loamy soil"": 58, ""well-drained loamy\u00a0soil"": 160, ""well-drained soil"": 298, ""well-grained deep loamy moist soil"": 45, ""\u00a0cotton\u00a0soil"": 42, ""\u00a0light soi"": 46}",57,data\processed\client_shards\iid\10_clients\client_04.csv
iid,10,client_05,4560,"{""Alluvial soil"": 135, ""Black Soil"": 41, ""Clay soil"": 136, ""Laterite soil"": 276, ""Loamy soil"": 846, ""Red soil"": 126, ""Sandy soil"": 149, ""Sandy soil\u00a0"": 35, ""Sandy\u00a0soil"": 39, ""black cotton soil"": 56, ""brown Loamy soil"": 15, ""clay Loamy soil"": 139, ""clay Loamy soil "": 22, ""deep soil"": 34, ""friable soil"": 80, ""heavy Black Soil"": 38, ""heavy soil\u00a0"": 42, ""light Loamy soil"": 41, ""loamy\u00a0soil"": 80, ""medium Black Soil"": 42, ""red Loamy soil"": 18, ""red lateritic Loamy soil"": 80, ""rich red Loamy soil"": 80, ""salty clay Loamy soil"": 60, ""sandy Loamy soil"": 1222, ""sandy clay Loamy soil\u00a0"": 21, ""sandy loamy\u00a0soil"": 27, ""shallow Black Soil"": 17, ""silty Loamy soil"": 58, ""well-drained loamy\u00a0soil"": 160, ""well-drained soil"": 331, ""well-grained deep loamy moist soil"": 35, ""\u00a0cotton\u00a0soil"": 41, ""\u00a0light soi"": 38}",57,data\processed\client_shards\iid\10_clients\client_05.csv
iid,10,client_06,4560,"{""Alluvial soil"": 130, ""Black Soil"": 45, ""Clay soil"": 135, ""Laterite soil"": 281, ""Loamy soil"": 830, ""Red soil"": 122, ""Sandy soil"": 154, ""Sandy soil\u00a0"": 24, ""Sandy\u00a0soil"": 37, ""black cotton soil"": 74, ""brown Loamy soil"": 18, ""clay Loamy soil"": 147, ""clay Loamy soil "": 25, ""deep soil"": 41, ""friable soil"": 80, ""heavy Black Soil"": 36, ""heavy soil\u00a0"": 35, ""light Loamy soil"": 36, ""loamy\u00a0soil"": 75, ""medium Black Soil"": 44, ""red Loamy soil"": 20, ""red lateritic Loamy soil"": 80, ""rich red Loamy soil"": 80, ""salty clay Loamy soil"": 63, ""sandy Loamy soil"": 1217, ""sandy clay Loamy soil\u00a0"": 33, ""sandy loamy\u00a0soil"": 29, ""shallow Black Soil"": 16, ""silty Loamy soil"": 53, ""well-drained loamy\u00a0soil"": 160, ""well-drained soil"": 309, ""well-grained deep loamy moist soil"": 43, ""\u00a0cotton\u00a0soil"": 43, ""\u00a0light soi"": 45}",57,data\processed\client_shards\iid\10_clients\client_06.csv
iid,10,client_07,4560,"{""Alluvial soil"": 136, ""Black Soil"": 40, ""Clay soil"": 139, ""Laterite soil"": 281, ""Loamy soil"": 821, ""Red soil"": 123, ""Sandy soil"": 174, ""Sandy soil\u00a0"": 19, ""Sandy\u00a0soil"": 40, ""black cotton soil"": 50, ""brown Loamy soil"": 25, ""clay Loamy soil"": 144, ""clay Loamy soil "": 35, ""deep soil"": 39, ""friable soil"": 80, ""heavy Black Soil"": 44, ""heavy soil\u00a0"": 44, ""light Loamy soil"": 46, ""loamy\u00a0soil"": 78, ""medium Black Soil"": 36, ""red Loamy soil"": 21, ""red lateritic Loamy soil"": 80, ""rich red Loamy soil"": 80, ""salty clay Loamy soil"": 49, ""sandy Loamy soil"": 1232, ""sandy clay Loamy soil\u00a0"": 26, ""sandy loamy\u00a0soil"": 25, ""shallow Black Soil"": 15, ""silty Loamy soil"": 61, ""well-drained loamy\u00a0soil"": 160, ""well-drained soil"": 298, ""well-grained deep loamy moist soil"": 43, ""\u00a0cotton\u00a0soil"": 40, ""\u00a0light soi"": 36}",57,data\processed\client_shards\iid\10_clients\client_07.csv
iid,10,client_08,4560,"{""Alluvial soil"": 141, ""Black Soil"": 43, ""Clay soil"": 130, ""Laterite soil"": 284, ""Loamy soil"": 816, ""Red soil"": 120, ""Sandy soil"": 169, ""Sandy soil\u00a0"": 31, ""Sandy\u00a0soil"": 40, ""black cotton soil"": 70, ""brown Loamy soil"": 20, ""clay Loamy soil"": 153, ""clay Loamy soil "": 22, ""deep soil"": 43, ""friable soil"": 80, ""heavy Black Soil"": 38, ""heavy soil\u00a0"": 35, ""light Loamy soil"": 37, ""loamy\u00a0soil"": 74, ""medium Black Soil"": 42, ""red Loamy soil"": 19, ""red lateritic Loamy soil"": 80, ""rich red Loamy soil"": 80, ""salty clay Loamy soil"": 61, ""sandy Loamy soil"": 1223, ""sandy clay Loamy soil\u00a0"": 26, ""sandy loamy\u00a0soil"": 30, ""shallow Black Soil"": 10, ""silty Loamy soil"": 53, ""well-drained loamy\u00a0soil"": 160, ""well-drained soil"": 307, ""well-grained deep loamy moist soil"": 38, ""\u00a0cotton\u00a0soil"": 40, ""\u00a0light soi"": 45}",57,data\processed\client_shards\iid\10_clients\client_08.csv
iid,10,client_09,4560,"{""Alluvial soil"": 124, ""Black Soil"": 42, ""Clay soil"": 138, ""Laterite soil"": 291, ""Loamy soil"": 817, ""Red soil"": 129, ""Sandy soil"": 159, ""Sandy soil\u00a0"": 22, ""Sandy\u00a0soil"": 41, ""black cotton soil"": 54, ""brown Loamy soil"": 25, ""clay Loamy soil"": 142, ""clay Loamy soil "": 26, ""deep soil"": 45, ""friable soil"": 80, ""heavy Black Soil"": 41, ""heavy soil\u00a0"": 41, ""light Loamy soil"": 34, ""loamy\u00a0soil"": 72, ""medium Black Soil"": 39, ""red Loamy soil"": 20, ""red lateritic Loamy soil"": 80, ""rich red Loamy soil"": 80, ""salty clay Loamy soil"": 75, ""sandy Loamy soil"": 1241, ""sandy clay Loamy soil\u00a0"": 26, ""sandy loamy\u00a0soil"": 25, ""shallow Black Soil"": 14, ""silty Loamy soil"": 56, ""well-drained loamy\u00a0soil"": 160, ""well-drained soil"": 309, ""well-grained deep loamy moist soil"": 34, ""\u00a0cotton\u00a0soil"": 39, ""\u00a0light soi"": 39}",57,data\processed\client_shards\iid\10_clients\client_09.csv
iid,10,client_10,4560,"{""Alluvial soil"": 139, ""Black Soil"": 45, ""Clay soil"": 128, ""Laterite soil"": 300, ""Loamy soil"": 796, ""Red soil"": 120, ""Sandy soil"": 153, ""Sandy soil\u00a0"": 35, ""Sandy\u00a0soil"": 41, ""black cotton soil"": 60, ""brown Loamy soil"": 17, ""clay Loamy soil"": 157, ""clay Loamy soil "": 30, ""deep soil"": 46, ""friable soil"": 80, ""heavy Black Soil"": 31, ""heavy soil\u00a0"": 38, ""light Loamy soil"": 44, ""loamy\u00a0soil"": 75, ""medium Black Soil"": 49, ""red Loamy soil"": 18, ""red lateritic Loamy soil"": 80, ""rich red Loamy soil"": 80, ""salty clay Loamy soil"": 61, ""sandy Loamy soil"": 1221, ""sandy clay Loamy soil\u00a0"": 25, ""sandy loamy\u00a0soil"": 33, ""shallow Black Soil"": 24, ""silty Loamy soil"": 52, ""well-drained loamy\u00a0soil"": 160, ""well-drained soil"": 304, ""well-grained deep loamy moist soil"": 37, ""\u00a0cotton\u00a0soil"": 39, ""\u00a0light soi"": 42}",57,data\processed\client_shards\iid\10_clients\client_10.csv
non_iid,10,client_01,12265,"{""sandy Loamy soil"": 12265}",19,data\processed\client_shards\non_iid\10_clients\client_01.csv
non_iid,10,client_02,8212,"{""Loamy soil"": 8212}",18,data\processed\client_shards\non_iid\10_clients\client_02.csv
non_iid,10,client_03,3068,"{""well-drained soil"": 3068}",7,data\processed\client_shards\non_iid\10_clients\client_03.csv
non_iid,10,client_04,3083,"{""Laterite soil"": 2816, ""sandy loamy\u00a0soil"": 267}",8,data\processed\client_shards\non_iid\10_clients\client_04.csv
non_iid,10,client_05,3177,"{""Sandy soil"": 1623, ""black cotton soil"": 609, ""heavy Black Soil"": 388, ""light Loamy soil"": 401, ""shallow Black Soil"": 156}",8,data\processed\client_shards\non_iid\10_clients\client_05.csv
non_iid,10,client_06,3023,"{""heavy soil\u00a0"": 397, ""salty clay Loamy soil"": 623, ""well-drained loamy\u00a0soil"": 1600, ""\u00a0light soi"": 403}",6,data\processed\client_shards\non_iid\10_clients\client_06.csv
non_iid,10,client_07,3148,"{""Sandy soil\u00a0"": 277, ""Sandy\u00a0soil"": 400, ""clay Loamy soil"": 1482, ""loamy\u00a0soil"": 795, ""red Loamy soil"": 194}",10,data\processed\client_shards\non_iid\10_clients\client_07.csv
non_iid,10,client_08,3212,"{""Clay soil"": 1340, ""deep soil"": 400, ""medium Black Soil"": 412, ""rich red Loamy soil"": 800, ""sandy clay Loamy soil\u00a0"": 260}",7,data\processed\client_shards\non_iid\10_clients\client_08.csv
non_iid,10,client_09,3215,"{""Alluvial soil"": 1326, ""Black Soil"": 425, ""clay Loamy soil "": 264, ""red lateritic Loamy soil"": 800, ""\u00a0cotton\u00a0soil"": 400}",8,data\processed\client_shards\non_iid\10_clients\client_09.csv
non_iid,10,client_10,3197,"{""Red soil"": 1234, ""brown Loamy soil"": 194, ""friable soil"": 800, ""silty Loamy soil"": 571, ""well-grained deep loamy moist soil"": 398}",9,data\processed\client_shards\non_iid\10_clients\client_10.csv
iid,20,client_01,2280,"{""Alluvial soil"": 64, ""Black Soil"": 23, ""Clay soil"": 66, ""Laterite soil"": 141, ""Loamy soil"": 415, ""Red soil"": 60, ""Sandy soil"": 75, ""Sandy soil\u00a0"": 13, ""Sandy\u00a0soil"": 18, ""black cotton soil"": 34, ""brown Loamy soil"": 7, ""clay Loamy soil"": 96, ""clay Loamy soil "": 11, ""deep soil"": 20, ""friable soil"": 40, ""heavy Black Soil"": 20, ""heavy soil\u00a0"": 23, ""light Loamy soil"": 16, ""loamy\u00a0soil"": 39, ""medium Black Soil"": 20, ""red Loamy soil"": 11, ""red lateritic Loamy soil"": 40, ""rich red Loamy soil"": 40, ""salty clay Loamy soil"": 24, ""sandy Loamy soil"": 613, ""sandy clay Loamy soil\u00a0"": 14, ""sandy loamy\u00a0soil"": 12, ""shallow Black Soil"": 9, ""silty Loamy soil"": 23, ""well-drained loamy\u00a0soil"": 80, ""well-drained soil"": 157, ""well-grained deep loamy moist soil"": 17, ""\u00a0cotton\u00a0soil"": 22, ""\u00a0light soi"": 17}",57,data\processed\client_shards\iid\20_clients\client_01.csv
iid,20,client_02,2280,"{""Alluvial soil"": 73, ""Black Soil"": 23, ""Clay soil"": 69, ""Laterite soil"": 120, ""Loamy soil"": 418, ""Red soil"": 60, ""Sandy soil"": 84, ""Sandy soil\u00a0"": 15, ""Sandy\u00a0soil"": 19, ""black cotton soil"": 26, ""brown Loamy soil"": 12, ""clay Loamy soil"": 75, ""clay Loamy soil "": 14, ""deep soil"": 16, ""friable soil"": 40, ""heavy Black Soil"": 25, ""heavy soil\u00a0"": 19, ""light Loamy soil"": 17, ""loamy\u00a0soil"": 48, ""medium Black Soil"": 15, ""red Loamy soil"": 8, ""red lateritic Loamy soil"": 40, ""rich red Loamy soil"": 40, ""salty clay Loamy soil"": 32, ""sandy Loamy soil"": 610, ""sandy clay Loamy soil\u00a0"": 13, ""sandy loamy\u00a0soil"": 9, ""shallow Black Soil"": 9, ""silty Loamy soil"": 31, ""well-drained loamy\u00a0soil"": 80, ""well-drained soil"": 153, ""well-grained deep loamy moist soil"": 25, ""\u00a0cotton\u00a0soil"": 21, ""\u00a0light soi"": 21}",57,data\processed\client_shards\iid\20_clients\client_02.csv
iid,20,client_03,2280,"{""Alluvial soil"": 65, ""Black Soil"": 22, ""Clay soil"": 64, ""Laterite soil"": 142, ""Loamy soil"": 409, ""Red soil"": 55, ""Sandy soil"": 92, ""Sandy soil\u00a0"": 13, ""Sandy\u00a0soil"": 18, ""black cotton soil"": 31, ""brown Loamy soil"": 11, ""clay Loamy soil"": 64, ""clay Loamy soil "": 11, ""deep soil"": 21, ""friable soil"": 40, ""heavy Black Soil"": 20, ""heavy soil\u00a0"": 24, ""light Loamy soil"": 22, ""loamy\u00a0soil"": 44, ""medium Black Soil"": 20, ""red Loamy soil"": 13, ""red lateritic Loamy soil"": 40, ""rich red Loamy soil"": 40, ""salty clay Loamy soil"": 37, ""sandy Loamy soil"": 608, ""sandy clay Loamy soil\u00a0"": 12, ""sandy loamy\u00a0soil"": 15, ""shallow Black Soil"": 6, ""silty Loamy soil"": 32, ""well-drained loamy\u00a0soil"": 80, ""well-drained soil"": 151, ""well-grained deep loamy moist soil"": 20, ""\u00a0cotton\u00a0soil"": 22, ""\u00a0light soi"": 16}",57,data\processed\client_shards\iid\20_clients\client_03.csv
iid,20,client_04,2280,"{""Alluvial soil"": 60, ""Black Soil"": 17, ""Clay soil"": 64, ""Laterite soil"": 135, ""Loamy soil"": 416, ""Red soil"": 69, ""Sandy soil"": 83, ""Sandy soil\u00a0"": 14, ""Sandy\u00a0soil"": 26, ""black cotton soil"": 32, ""brown Loamy soil"": 4, ""clay Loamy soil"": 72, ""clay Loamy soil "": 15, ""deep soil"": 21, ""friable soil"": 40, ""heavy Black Soil"": 15, ""heavy soil\u00a0"": 18, ""light Loamy soil"": 21, ""loamy\u00a0soil"": 42, ""medium Black Soil"": 25, ""red Loamy soil"": 11, ""red lateritic Loamy soil"": 40, ""rich red Loamy soil"": 40, ""salty clay Loamy soil"": 32, ""sandy Loamy soil"": 610, ""sandy clay Loamy soil\u00a0"": 11, ""sandy loamy\u00a0soil"": 17, ""shallow Black Soil"": 5, ""silty Loamy soil"": 32, ""well-drained loamy\u00a0soil"": 80, ""well-drained soil"": 158, ""well-grained deep loamy moist soil"": 19, ""\u00a0cotton\u00a0soil"": 14, ""\u00a0light soi"": 22}",57,data\processed\client_shards\iid\20_clients\client_04.csv
iid,20,client_05,2280,"{""Alluvial soil"": 65, ""Black Soil"": 23, ""Clay soil"": 75, ""Laterite soil"": 143, ""Loamy soil"": 397, ""Red soil"": 67, ""Sandy soil"": 81, ""Sandy soil\u00a0"": 14, ""Sandy\u00a0soil"": 20, ""black cotton soil"": 30, ""brown Loamy soil"": 8, ""clay Loamy soil"": 70, ""clay Loamy soil "": 13, ""deep soil"": 21, ""friable soil"": 40, ""heavy Black Soil"": 22, ""heavy soil\u00a0"": 22, ""light Loamy soil"": 21, ""loamy\u00a0soil"": 42, ""medium Black Soil"": 18, ""red Loamy soil"": 13, ""red lateritic Loamy soil"": 40, ""rich red Loamy soil"": 40, ""salty clay Loamy soil"": 34, ""sandy Loamy soil"": 613, ""sandy clay Loamy soil\u00a0"": 12, ""sandy loamy\u00a0soil"": 6, ""shallow Black Soil"": 8, ""silty Loamy soil"": 33, ""well-drained loamy\u00a0soil"": 80, ""well-drained soil"": 150, ""well-grained deep loamy moist soil"": 21, ""\u00a0cotton\u00a0soil"": 20, ""\u00a0light soi"": 18}",57,data\processed\client_shards\iid\20_clients\client_05.csv
iid,20,client_06,2280,"{""Alluvial soil"": 68, ""Black Soil"": 17, ""Clay soil"": 66, ""Laterite soil"": 136, ""Loamy soil"": 418, ""Red soil"": 62, ""Sandy soil"": 79, ""Sandy soil\u00a0"": 12, ""Sandy\u00a0soil"": 23, ""black cotton soil"": 30, ""brown Loamy soil"": 11, ""clay Loamy soil"": 72, ""clay Loamy soil "": 14, ""deep soil"": 18, ""friable soil"": 40, ""heavy Black Soil"": 19, ""heavy soil\u00a0"": 22, ""light Loamy soil"": 22, ""loamy\u00a0soil"": 46, ""medium Black Soil"": 21, ""red Loamy soil"": 7, ""red lateritic Loamy soil"": 40, ""rich red Loamy soil"": 40, ""salty clay Loamy soil"": 34, ""sandy Loamy soil"": 618, ""sandy clay Loamy soil\u00a0"": 15, ""sandy loamy\u00a0soil"": 12, ""shallow Black Soil"": 10, ""silty Loamy soil"": 29, ""well-drained loamy\u00a0soil"": 80, ""well-drained soil"": 143, ""well-grained deep loamy moist soil"": 21, ""\u00a0cotton\u00a0soil"": 17, ""\u00a0light soi"": 18}",57,data\processed\client_shards\iid\20_clients\client_06.csv
iid,20,client_07,2280,"{""Alluvial soil"": 58, ""Black Soil"": 19, ""Clay soil"": 64, ""Laterite soil"": 145, ""Loamy soil"": 409, ""Red soil"": 60, ""Sandy soil"": 89, ""Sandy soil\u00a0"": 12, ""Sandy\u00a0soil"": 16, ""black cotton soil"": 28, ""brown Loamy soil"": 10, ""clay Loamy soil"": 74, ""clay Loamy soil "": 14, ""deep soil"": 17, ""friable soil"": 40, ""heavy Black Soil"": 24, ""heavy soil\u00a0"": 18, ""light Loamy soil"": 19, ""loamy\u00a0soil"": 38, ""medium Black Soil"": 16, ""red Loamy soil"": 8, ""red lateritic Loamy soil"": 40, ""rich red Loamy soil"": 40, ""salty clay Loamy soil"": 34, ""sandy Loamy soil"": 620, ""sandy clay Loamy soil\u00a0"": 15, ""sandy loamy\u00a0soil"": 13, ""shallow Black Soil"": 8, ""silty Loamy soil"": 29, ""well-drained loamy\u00a0soil"": 80, ""well-drained soil"": 152, ""well-grained deep loamy moist soil"": 25, ""\u00a0cotton\u00a0soil"": 24, ""\u00a0light soi"": 22}",57,data\processed\client_shards\iid\20_clients\client_07.csv
iid,20,client_08,2280,"{""Alluvial soil"": 68, ""Black Soil"": 25, ""Clay soil"": 66, ""Laterite soil"": 141, ""Loamy soil"": 404, ""Red soil"": 61, ""Sandy soil"": 82, ""Sandy soil\u00a0"": 18, ""Sandy\u00a0soil"": 22, ""black cotton soil"": 34, ""brown Loamy soil"": 11, ""clay Loamy soil"": 77, ""clay Loamy soil "": 12, ""deep soil"": 18, ""friable soil"": 40, ""heavy Black Soil"": 15, ""heavy soil\u00a0"": 16, ""light Loamy soil"": 25, ""loamy\u00a0soil"": 42, ""medium Black Soil"": 25, ""red Loamy soil"": 7, ""red lateritic Loamy soil"": 40, ""rich red Loamy soil"": 40, ""salty clay Loamy soil"": 27, ""sandy Loamy soil"": 617, ""sandy clay Loamy soil\u00a0"": 11, ""sandy loamy\u00a0soil"": 14, ""shallow Black Soil"": 5, ""silty Loamy soil"": 29, ""well-drained loamy\u00a0soil"": 80, ""well-drained soil"": 146, ""well-grained deep loamy moist soil"": 20, ""\u00a0cotton\u00a0soil"": 18, ""\u00a0light soi"": 24}",57,data\processed\client_shards\iid\20_clients\client_08.csv
iid,20,client_09,2280,"{""Alluvial soil"": 73, ""Black Soil"": 23, ""Clay soil"": 69, ""Laterite soil"": 133, ""Loamy soil"": 423, ""Red soil"": 60, ""Sandy soil"": 75, ""Sandy soil\u00a0"": 17, ""Sandy\u00a0soil"": 20, ""black cotton soil"": 27, ""brown Loamy soil"": 7, ""clay Loamy soil"": 70, ""clay Loamy soil "": 9, ""deep soil"": 14, ""friable soil"": 40, ""heavy Black Soil"": 18, ""heavy soil\u00a0"": 19, ""light Loamy soil"": 19, ""loamy\u00a0soil"": 42, ""medium Black Soil"": 22, ""red Loamy soil"": 8, ""red lateritic Loamy soil"": 40, ""rich red Loamy soil"": 40, ""salty clay Loamy soil"": 36, ""sandy Loamy soil"": 616, ""sandy clay Loamy soil\u00a0"": 7, ""sandy loamy\u00a0soil"": 12, ""shallow Black Soil"": 5, ""silty Loamy soil"": 28, ""well-drained loamy\u00a0soil"": 80, ""well-drained soil"": 169, ""well-grained deep loamy moist soil"": 18, ""\u00a0cotton\u00a0soil"": 20, ""\u00a0light soi"": 21}",57,data\processed\client_shards\iid\20_clients\client_09.csv
iid,20,client_10,2280,"{""Alluvial soil"": 62, ""Black Soil"": 18, ""Clay soil"": 67, ""Laterite soil"": 143, ""Loamy soil"": 423, ""Red soil"": 66, ""Sandy soil"": 74, ""Sandy soil\u00a0"": 18, ""Sandy\u00a0soil"": 19, ""black cotton soil"": 29, ""brown Loamy soil"": 8, ""clay Loamy soil"": 69, ""clay Loamy soil "": 13, ""deep soil"": 20, ""friable soil"": 40, ""heavy Black Soil"": 20, ""heavy soil\u00a0"": 23, ""light Loamy soil"": 22, ""loamy\u00a0soil"": 38, ""medium Black Soil"": 20, ""red Loamy soil"": 10, ""red lateritic Loamy soil"": 40, ""rich red Loamy soil"": 40, ""salty clay Loamy soil"": 24, ""sandy Loamy soil"": 606, ""sandy clay Loamy soil\u00a0"": 14, ""sandy loamy\u00a0soil"": 15, ""shallow Black Soil"": 12, ""silty Loamy soil"": 30, ""well-drained loamy\u00a0soil"": 80, ""well-drained soil"": 162, ""well-grained deep loamy moist soil"": 17, ""\u00a0cotton\u00a0soil"": 21, ""\u00a0light soi"": 17}",57,data\processed\client_shards\iid\20_clients\client_10.csv
iid,20,client_11,2280,"{""Alluvial soil"": 63, ""Black Soil"": 24, ""Clay soil"": 69, ""Laterite soil"": 137, ""Loamy soil"": 420, ""Red soil"": 61, ""Sandy soil"": 74, ""Sandy soil\u00a0"": 10, ""Sandy\u00a0soil"": 19, ""black cotton soil"": 41, ""brown Loamy soil"": 10, ""clay Loamy soil"": 69, ""clay Loamy soil "": 15, ""deep soil"": 23, ""friable soil"": 40, ""heavy Black Soil"": 17, ""heavy soil\u00a0"": 16, ""light Loamy soil"": 21, ""loamy\u00a0soil"": 36, ""medium Black Soil"": 23, ""red Loamy soil"": 7, ""red lateritic Loamy soil"": 40, ""rich red Loamy soil"": 40, ""salty clay Loamy soil"": 28, ""sandy Loamy soil"": 606, ""sandy clay Loamy soil\u00a0"": 16, ""sandy loamy\u00a0soil"": 16, ""shallow Black Soil"": 9, ""silty Loamy soil"": 29, ""well-drained loamy\u00a0soil"": 80, ""well-drained soil"": 154, ""well-grained deep loamy moist soil"": 22, ""\u00a0cotton\u00a0soil"": 21, ""\u00a0light soi"": 24}",57,data\processed\client_shards\iid\20_clients\client_11.csv
iid,20,client_12,2280,"{""Alluvial soil"": 67, ""Black Soil"": 21, ""Clay soil"": 66, ""Laterite soil"": 144, ""Loamy soil"": 410, ""Red soil"": 61, ""Sandy soil"": 80, ""Sandy soil\u00a0"": 14, ""Sandy\u00a0soil"": 18, ""black cotton soil"": 33, ""brown Loamy soil"": 8, ""clay Loamy soil"": 78, ""clay Loamy soil "": 10, ""deep soil"": 18, ""friable soil"": 40, ""heavy Black Soil"": 19, ""heavy soil\u00a0"": 19, ""light Loamy soil"": 15, ""loamy\u00a0soil"": 39, ""medium Black Soil"": 21, ""red Loamy soil"": 13, ""red lateritic Loamy soil"": 40, ""rich red Loamy soil"": 40, ""salty clay Loamy soil"": 35, ""sandy Loamy soil"": 611, ""sandy clay Loamy soil\u00a0"": 17, ""sandy loamy\u00a0soil"": 13, ""shallow Black Soil"": 7, ""silty Loamy soil"": 24, ""well-drained loamy\u00a0soil"": 80, ""well-drained soil"": 155, ""well-grained deep loamy moist soil"": 21, ""\u00a0cotton\u00a0soil"": 22, ""\u00a0light soi"": 21}",57,data\processed\client_shards\iid\20_clients\client_12.csv
iid,20,client_13,2280,"{""Alluvial soil"": 65, ""Black Soil"": 19, ""Clay soil"": 70, ""Laterite soil"": 140, ""Loamy soil"": 408, ""Red soil"": 64, ""Sandy soil"": 89, ""Sandy soil\u00a0"": 9, ""Sandy\u00a0soil"": 21, ""black cotton soil"": 24, ""brown Loamy soil"": 13, ""clay Loamy soil"": 70, ""clay Loamy soil "": 15, ""deep soil"": 14, ""friable soil"": 40, ""heavy Black Soil"": 21, ""heavy soil\u00a0"": 21, ""light Loamy soil"": 25, ""loamy\u00a0soil"": 46, ""medium Black Soil"": 19, ""red Loamy soil"": 9, ""red lateritic Loamy soil"": 40, ""rich red Loamy soil"": 40, ""salty clay Loamy soil"": 27, ""sandy Loamy soil"": 619, ""sandy clay Loamy soil\u00a0"": 14, ""sandy loamy\u00a0soil"": 12, ""shallow Black Soil"": 7, ""silty Loamy soil"": 33, ""well-drained loamy\u00a0soil"": 80, ""well-drained soil"": 147, ""well-grained deep loamy moist soil"": 21, ""\u00a0cotton\u00a0soil"": 19, ""\u00a0light soi"": 19}",57,data\processed\client_shards\iid\20_clients\client_13.csv
iid,20,client_14,2280,"{""Alluvial soil"": 71, ""Black Soil"": 21, ""Clay soil"": 69, ""Laterite soil"": 141, ""Loamy soil"": 413, ""Red soil"": 59, ""Sandy soil"": 85, ""Sandy soil\u00a0"": 10, ""Sandy\u00a0soil"": 19, ""black cotton soil"": 26, ""brown Loamy soil"": 12, ""clay Loamy soil"": 74, ""clay Loamy soil "": 20, ""deep soil"": 25, ""friable soil"": 40, ""heavy Black Soil"": 23, ""heavy soil\u00a0"": 23, ""light Loamy soil"": 21, ""loamy\u00a0soil"": 32, ""medium Black Soil"": 17, ""red Loamy soil"": 12, ""red lateritic Loamy soil"": 40, ""rich red Loamy soil"": 40, ""salty clay Loamy soil"": 22, ""sandy Loamy soil"": 613, ""sandy clay Loamy soil\u00a0"": 12, ""sandy loamy\u00a0soil"": 13, ""shallow Black Soil"": 8, ""silty Loamy soil"": 28, ""well-drained loamy\u00a0soil"": 80, ""well-drained soil"": 151, ""well-grained deep loamy moist soil"": 22, ""\u00a0cotton\u00a0soil"": 21, ""\u00a0light soi"": 17}",57,data\processed\client_shards\iid\20_clients\client_14.csv
iid,20,client_15,2280,"{""Alluvial soil"": 75, ""Black Soil"": 27, ""Clay soil"": 63, ""Laterite soil"": 151, ""Loamy soil"": 393, ""Red soil"": 62, ""Sandy soil"": 87, ""Sandy soil\u00a0"": 16, ""Sandy\u00a0soil"": 21, ""black cotton soil"": 32, ""brown Loamy soil"": 10, ""clay Loamy soil"": 81, ""clay Loamy soil "": 12, ""deep soil"": 23, ""friable soil"": 40, ""heavy Black Soil"": 23, ""heavy soil\u00a0"": 17, ""light Loamy soil"": 19, ""loamy\u00a0soil"": 37, ""medium Black Soil"": 17, ""red Loamy soil"": 8, ""red lateritic Loamy soil"": 40, ""rich red Loamy soil"": 40, ""salty clay Loamy soil"": 28, ""sandy Loamy soil"": 606, ""sandy clay Loamy soil\u00a0"": 14, ""sandy loamy\u00a0soil"": 14, ""shallow Black Soil"": 3, ""silty Loamy soil"": 25, ""well-drained loamy\u00a0soil"": 80, ""well-drained soil"": 158, ""well-grained deep loamy moist soil"": 16, ""\u00a0cotton\u00a0soil"": 19, ""\u00a0light soi"": 23}",57,data\processed\client_shards\iid\20_clients\client_15.csv
iid,20,client_16,2280,"{""Alluvial soil"": 66, ""Black Soil"": 16, ""Clay soil"": 67, ""Laterite soil"": 133, ""Loamy soil"": 423, ""Red soil"": 58, ""Sandy soil"": 82, ""Sandy soil\u00a0"": 15, ""Sandy\u00a0soil"": 19, ""black cotton soil"": 38, ""brown Loamy soil"": 10, ""clay Loamy soil"": 72, ""clay Loamy soil "": 10, ""deep soil"": 20, ""friable soil"": 40, ""heavy Black Soil"": 15, ""heavy soil\u00a0"": 18, ""light Loamy soil"": 18, ""loamy\u00a0soil"": 37, ""medium Black Soil"": 25, ""red Loamy soil"": 11, ""red lateritic Loamy soil"": 40, ""rich red Loamy soil"": 40, ""salty clay Loamy soil"": 33, ""sandy Loamy soil"": 617, ""sandy clay Loamy soil\u00a0"": 12, ""sandy loamy\u00a0soil"": 16, ""shallow Black Soil"": 7, ""silty Loamy soil"": 28, ""well-drained loamy\u00a0soil"": 80, ""well-drained soil"": 149, ""well-grained deep loamy moist soil"": 22, ""\u00a0cotton\u00a0soil"": 21, ""\u00a0light soi"": 22}",57,data\processed\client_shards\iid\20_clients\client_16.csv
iid,20,client_17,2280,"{""Alluvial soil"": 55, ""Black Soil"": 20, ""Clay soil"": 71, ""Laterite soil"": 141, ""Loamy soil"": 421, ""Red soil"": 65, ""Sandy soil"": 72, ""Sandy soil\u00a0"": 9, ""Sandy\u00a0soil"": 20, ""black cotton soil"": 20, ""brown Loamy soil"": 15, ""clay Loamy soil"": 71, ""clay Loamy soil "": 12, ""deep soil"": 27, ""friable soil"": 40, ""heavy Black Soil"": 20, ""heavy soil\u00a0"": 26, ""light Loamy soil"": 17, ""loamy\u00a0soil"": 27, ""medium Black Soil"": 20, ""red Loamy soil"": 9, ""red lateritic Loamy soil"": 40, ""rich red Loamy soil"": 40, ""salty clay Loamy soil"": 36, ""sandy Loamy soil"": 638, ""sandy clay Loamy soil\u00a0"": 12, ""sandy loamy\u00a0soil"": 11, ""shallow Black Soil"": 10, ""silty Loamy soil"": 26, ""well-drained loamy\u00a0soil"": 80, ""well-drained soil"": 156, ""well-grained deep loamy moist soil"": 19, ""\u00a0cotton\u00a0soil"": 20, ""\u00a0light soi"": 14}",57,data\processed\client_shards\iid\20_clients\client_17.csv
iid,20,client_18,2280,"{""Alluvial soil"": 69, ""Black Soil"": 22, ""Clay soil"": 67, ""Laterite soil"": 150, ""Loamy soil"": 396, ""Red soil"": 64, ""Sandy soil"": 87, ""Sandy soil\u00a0"": 13, ""Sandy\u00a0soil"": 21, ""black cotton soil"": 34, ""brown Loamy soil"": 10, ""clay Loamy soil"": 71, ""clay Loamy soil "": 14, ""deep soil"": 18, ""friable soil"": 40, ""heavy Black Soil"": 21, ""heavy soil\u00a0"": 15, ""light Loamy soil"": 17, ""loamy\u00a0soil"": 45, ""medium Black Soil"": 19, ""red Loamy soil"": 11, ""red lateritic Loamy soil"": 40, ""rich red Loamy soil"": 40, ""salty clay Loamy soil"": 39, ""sandy Loamy soil"": 603, ""sandy clay Loamy soil\u00a0"": 14, ""sandy loamy\u00a0soil"": 14, ""shallow Black Soil"": 4, ""silty Loamy soil"": 30, ""well-drained loamy\u00a0soil"": 80, ""well-drained soil"": 153, ""well-grained deep loamy moist soil"": 15, ""\u00a0cotton\u00a0soil"": 19, ""\u00a0light soi"": 25}",57,data\processed\client_shards\iid\20_clients\client_18.csv
iid,20,client_19,2280,"{""Alluvial soil"": 81, ""Black Soil"": 24, ""Clay soil"": 60, ""Laterite soil"": 147, ""Loamy soil"": 401, ""Red soil"": 57, ""Sandy soil"": 72, ""Sandy soil\u00a0"": 16, ""Sandy\u00a0soil"": 18, ""black cotton soil"": 23, ""brown Loamy soil"": 12, ""clay Loamy soil"": 80, ""clay Loamy soil "": 13, ""deep soil"": 23, ""friable soil"": 40, ""heavy Black Soil"": 13, ""heavy soil\u00a0"": 16, ""light Loamy soil"": 25, ""loamy\u00a0soil"": 39, ""medium Black Soil"": 27, ""red Loamy soil"": 9, ""red lateritic Loamy soil"": 40, ""rich red Loamy soil"": 40, ""salty clay Loamy soil"": 28, ""sandy Loamy soil"": 611, ""sandy clay Loamy soil\u00a0"": 13, ""sandy loamy\u00a0soil"": 16, ""shallow Black Soil"": 17, ""silty Loamy soil"": 28, ""well-drained loamy\u00a0soil"": 80, ""well-drained soil"": 152, ""well-grained deep loamy moist soil"": 13, ""\u00a0cotton\u00a0soil"": 22, ""\u00a0light soi"": 24}",57,data\processed\client_shards\iid\20_clients\client_19.csv
iid,20,client_20,2280,"{""Alluvial soil"": 58, ""Black Soil"": 21, ""Clay soil"": 68, ""Laterite soil"": 153, ""Loamy soil"": 395, ""Red soil"": 63, ""Sandy soil"": 81, ""Sandy soil\u00a0"": 19, ""Sandy\u00a0soil"": 23, ""black cotton soil"": 37, ""brown Loamy soil"": 5, ""clay Loamy soil"": 77, ""clay Loamy soil "": 17, ""deep soil"": 23, ""friable soil"": 40, ""heavy Black Soil"": 18, ""heavy soil\u00a0"": 22, ""light Loamy soil"": 19, ""loamy\u00a0soil"": 36, ""medium Black Soil"": 22, ""red Loamy soil"": 9, ""red lateritic Loamy soil"": 40, ""rich red Loamy soil"": 40, ""salty clay Loamy soil"": 33, ""sandy Loamy soil"": 610, ""sandy clay Loamy soil\u00a0"": 12, ""sandy loamy\u00a0soil"": 17, ""shallow Black Soil"": 7, ""silty Loamy soil"": 24, ""well-drained loamy\u00a0soil"": 80, ""well-drained soil"": 152, ""well-grained deep loamy moist soil"": 24, ""\u00a0cotton\u00a0soil"": 17, ""\u00a0light soi"": 18}",57,data\processed\client_shards\iid\20_clients\client_20.csv
non_iid,20,client_01,12265,"{""sandy Loamy soil"": 12265}",19,data\processed\client_shards\non_iid\20_clients\client_01.csv
non_iid,20,client_02,8212,"{""Loamy soil"": 8212}",18,data\processed\client_shards\non_iid\20_clients\client_02.csv
non_iid,20,client_03,3068,"{""well-drained soil"": 3068}",7,data\processed\client_shards\non_iid\20_clients\client_03.csv
non_iid,20,client_04,2816,"{""Laterite soil"": 2816}",7,data\processed\client_shards\non_iid\20_clients\client_04.csv
non_iid,20,client_05,1623,"{""Sandy soil"": 1623}",4,data\processed\client_shards\non_iid\20_clients\client_05.csv
non_iid,20,client_06,1600,"{""well-drained loamy\u00a0soil"": 1600}",2,data\processed\client_shards\non_iid\20_clients\client_06.csv
non_iid,20,client_07,1482,"{""clay Loamy soil"": 1482}",6,data\processed\client_shards\non_iid\20_clients\client_07.csv
non_iid,20,client_08,1340,"{""Clay soil"": 1340}",3,data\processed\client_shards\non_iid\20_clients\client_08.csv
non_iid,20,client_09,1326,"{""Alluvial soil"": 1326}",4,data\processed\client_shards\non_iid\20_clients\client_09.csv
non_iid,20,client_10,1234,"{""Red soil"": 1234}",3,data\processed\client_shards\non_iid\20_clients\client_10.csv
non_iid,20,client_11,1077,"{""Sandy soil\u00a0"": 277, ""friable soil"": 800}",2,data\processed\client_shards\non_iid\20_clients\client_11.csv
non_iid,20,client_12,1067,"{""red lateritic Loamy soil"": 800, ""sandy loamy\u00a0soil"": 267}",2,data\processed\client_shards\non_iid\20_clients\client_12.csv
non_iid,20,client_13,1064,"{""clay Loamy soil "": 264, ""rich red Loamy soil"": 800}",2,data\processed\client_shards\non_iid\20_clients\client_13.csv
non_iid,20,client_14,1183,"{""heavy Black Soil"": 388, ""loamy\u00a0soil"": 795}",3,data\processed\client_shards\non_iid\20_clients\client_14.csv
non_iid,20,client_15,1020,"{""heavy soil\u00a0"": 397, ""salty clay Loamy soil"": 623}",4,data\processed\client_shards\non_iid\20_clients\client_15.csv
non_iid,20,client_16,1007,"{""black cotton soil"": 609, ""well-grained deep loamy moist soil"": 398}",3,data\processed\client_shards\non_iid\20_clients\client_16.csv
non_iid,20,client_17,1127,"{""deep soil"": 400, ""shallow Black Soil"": 156, ""silty Loamy soil"": 571}",5,data\processed\client_shards\non_iid\20_clients\client_17.csv
non_iid,20,client_18,1019,"{""Black Soil"": 425, ""brown Loamy soil"": 194, ""\u00a0cotton\u00a0soil"": 400}",4,data\processed\client_shards\non_iid\20_clients\client_18.csv
non_iid,20,client_19,1006,"{""Sandy\u00a0soil"": 400, ""medium Black Soil"": 412, ""red Loamy soil"": 194}",3,data\processed\client_shards\non_iid\20_clients\client_19.csv
non_iid,20,client_20,1064,"{""light Loamy soil"": 401, ""sandy clay Loamy soil\u00a0"": 260, ""\u00a0light soi"": 403}",3,data\processed\client_shards\non_iid\20_clients\client_20.csv
